workload,entities,queries_per_frame,original_ms,linear_ms,quadtree_ms,speedup_vs_original
game,100,32,0.057,0.055,0.028,2.1
game,250,32,0.146,0.145,0.074,2.0
game,500,32,0.286,0.284,0.144,2.0
game,1000,32,0.553,0.550,0.274,2.0
game,2000,32,1.100,1.092,0.565,1.9
game,5000,32,2.770,2.753,1.317,2.1
game,10000,32,6.436,5.530,2.624,2.5
all,100,100,0.129,0.129,0.032,4.1
all,250,250,0.883,0.922,0.141,6.3
all,500,500,3.460,3.638,0.458,7.5
all,1000,1000,13.646,14.470,1.548,8.8
all,2000,2000,54.342,58.036,5.803,9.4
all,5000,5000,339.405,359.715,33.646,10.1
