index,enemies,entities,frames,sim_ms,render_ms,frame_ms,fps,checksum
quadtree,250,292,600,0.125,0.712,0.837,1194.9,121488.107
linear,250,292,600,0.153,0.735,0.888,1126.7,121488.107
quadtree,500,542,600,0.200,0.951,1.151,869.0,241713.398
linear,500,542,600,0.248,0.931,1.179,848.2,241713.398
quadtree,1000,1042,600,0.341,1.419,1.760,568.2,483016.550
linear,1000,1042,600,0.430,1.420,1.850,540.6,483016.550
quadtree,2000,2042,600,0.675,4.348,5.023,199.1,960780.231
linear,2000,2042,600,0.839,4.335,5.173,193.3,960780.231
quadtree,4000,4042,600,1.271,4.404,5.675,176.2,1916498.135
linear,4000,4042,600,1.592,4.351,5.943,168.3,1916498.135
quadtree,8000,8042,600,2.650,8.621,11.271,88.7,3824347.588
linear,8000,8042,600,3.285,8.392,11.677,85.6,3824347.588
quadtree,16000,16042,600,5.923,16.253,22.175,45.1,7641917.736
linear,16000,16042,600,9.650,16.070,25.720,38.9,7641917.736
